Open,High,Low,Close,Volume,Dividends,Stock Splits,Moving_Average
235.0,236.27000427246094,232.3300018310547,234.82000732421875,43234300,0.0,0.0,
229.4499969482422,231.4600067138672,226.63999938964844,228.8800048828125,57345900,0.0,0.0,
230.27999877929688,230.44000244140625,222.27000427246094,224.17999267578125,66034600,0.0,0.0,
224.82000732421875,226.8000030517578,223.27999877929688,224.30999755859375,48992100,0.0,0.0,
227.27000427246094,227.77999877929688,223.08999633789062,223.9600067138672,45939219,0.0,0.0,
